Sample,Hardness,File,Location,DELETED
1-101-1,115.0,data/images/raw/1-101.jpg,top-left,True
1-101-2,129.9,data/images/raw/1-101.jpg,top-right,False
1-101-3,130.0,data/images/raw/1-101.jpg,bottom-right,True
1-101-4,130.0,data/images/raw/1-101.jpg,bottom-left,False
1-102-1,130.7,data/images/raw/1-102.jpg,top-left,True
1-102-2,137.6,data/images/raw/1-102.jpg,top-right,False
1-102-3,128.6,data/images/raw/1-102.jpg,bottom-right,True
1-102-4,127.8,data/images/raw/1-102.jpg,bottom-left,False
1-103-1,142.3,data/images/raw/1-103.jpg,top-left,True
1-103-2,140.0,data/images/raw/1-103.jpg,top-right,False
1-103-3,135.5,data/images/raw/1-103.jpg,bottom-right,True
1-103-4,139.5,data/images/raw/1-103.jpg,bottom-left,False
1-104-1,138.8,data/images/raw/1-104.jpg,top-left,True
1-104-2,152.3,data/images/raw/1-104.jpg,top-right,False
1-104-3,146.4,data/images/raw/1-104.jpg,bottom-right,True
1-104-4,141.2,data/images/raw/1-104.jpg,bottom-left,False
1-105-1,151.1,data/images/raw/1-105.jpg,top-left,True
1-105-2,142.7,data/images/raw/1-105.jpg,top-right,False
1-105-3,141.0,data/images/raw/1-105.jpg,bottom-right,True
1-105-4,153.7,data/images/raw/1-105.jpg,bottom-left,False
1-106-1,159.8,data/images/raw/1-106.jpg,top-left,True
1-106-2,162.0,data/images/raw/1-106.jpg,top-right,False
1-106-3,151.6,data/images/raw/1-106.jpg,bottom-right,True
1-106-4,144.6,data/images/raw/1-106.jpg,bottom-left,False
1-107-1,154.7,data/images/raw/1-107.jpg,top-left,True
1-107-2,153.5,data/images/raw/1-107.jpg,top-right,False
1-107-3,147.7,data/images/raw/1-107.jpg,bottom-right,True
1-107-4,147.5,data/images/raw/1-107.jpg,bottom-left,False
1-108-1,145.1,data/images/raw/1-108.jpg,top-left,True
1-108-2,154.5,data/images/raw/1-108.jpg,top-right,False
1-108-3,158.1,data/images/raw/1-108.jpg,bottom-right,True
1-108-4,146.7,data/images/raw/1-108.jpg,bottom-left,False
1-109-1,155.6,data/images/raw/1-109.jpg,top-left,True
1-109-2,158.1,data/images/raw/1-109.jpg,top-right,False
1-109-3,153.5,data/images/raw/1-109.jpg,bottom-right,True
1-109-4,147.2,data/images/raw/1-109.jpg,bottom-left,False
1-110-1,150.8,data/images/raw/1-110.jpg,top-left,True
1-110-2,142.3,data/images/raw/1-110.jpg,top-right,False
1-110-3,151.7,data/images/raw/1-110.jpg,bottom-right,True
1-110-4,146.1,data/images/raw/1-110.jpg,bottom-left,False
1-111-1,157.9,data/images/raw/1-111.jpg,top-left,True
1-111-2,176.1,data/images/raw/1-111.jpg,top-right,False
1-111-3,173.1,data/images/raw/1-111.jpg,bottom-right,True
1-111-4,143.4,data/images/raw/1-111.jpg,bottom-left,False
1-112-1,148.7,data/images/raw/1-112.jpg,top-left,True
1-112-2,154.9,data/images/raw/1-112.jpg,top-right,False
1-112-3,145.4,data/images/raw/1-112.jpg,bottom-right,True
1-112-4,150.0,data/images/raw/1-112.jpg,bottom-left,False
1-113-1,143.7,data/images/raw/1-113.jpg,top-left,True
1-113-2,144.8,data/images/raw/1-113.jpg,top-right,False
1-113-3,143.5,data/images/raw/1-113.jpg,bottom-right,True
1-113-4,138.4,data/images/raw/1-113.jpg,bottom-left,False
1-201-1,137.1,data/images/raw/1-201.jpg,top-left,True
1-201-2,131.8,data/images/raw/1-201.jpg,top-right,False
1-201-3,133.6,data/images/raw/1-201.jpg,bottom-right,True
1-201-4,135.9,data/images/raw/1-201.jpg,bottom-left,False
1-202-1,128.7,data/images/raw/1-202.jpg,top-left,True
1-202-2,125.5,data/images/raw/1-202.jpg,top-right,False
1-202-3,145.4,data/images/raw/1-202.jpg,bottom-right,True
1-202-4,142.1,data/images/raw/1-202.jpg,bottom-left,False
1-203-1,130.7,data/images/raw/1-203.jpg,top-left,True
1-203-2,128.7,data/images/raw/1-203.jpg,top-right,False
1-203-3,146.9,data/images/raw/1-203.jpg,bottom-right,True
1-203-4,147.5,data/images/raw/1-203.jpg,bottom-left,False
1-204-1,134.6,data/images/raw/1-24.jpg,top-left,True
1-204-2,130.7,data/images/raw/1-204.jpg,top-right,False
1-204-3,148.5,data/images/raw/1-204.jpg,bottom-right,True
1-204-4,151.2,data/images/raw/1-204.jpg,bottom-left,False
1-205-1,142.6,data/images/raw/1-205.jpg,top-left,True
1-205-2,138.0,data/images/raw/1-205.jpg,top-right,False
1-205-3,135.8,data/images/raw/1-205.jpg,bottom-right,True
1-205-4,147.9,data/images/raw/1-205.jpg,bottom-left,False
1-206-1,145.9,data/images/raw/1-206.jpg,top-left,True
1-206-2,146.4,data/images/raw/1-206.jpg,top-right,False
1-206-3,161.3,data/images/raw/1-206.jpg,bottom-right,True
1-206-4,151.9,data/images/raw/1-206.jpg,bottom-left,False
1-207-1,147.2,data/images/raw/1-207.jpg,top-left,True
1-207-2,145.9,data/images/raw/1-207.jpg,top-right,False
1-207-3,162.8,data/images/raw/1-207.jpg,bottom-right,True
1-207-4,154.0,data/images/raw/1-207.jpg,bottom-left,False
1-208-1,140.9,data/images/raw/1-208.jpg,top-left,True
1-208-2,138.8,data/images/raw/1-208.jpg,top-right,False
1-208-3,161.3,data/images/raw/1-208.jpg,bottom-right,True
1-208-4,151.9,data/images/raw/1-208.jpg,bottom-left,False
1-209-1,149.2,data/images/raw/1-209.jpg,top-left,True
1-209-2,143.2,data/images/raw/1-209.jpg,top-right,False
1-209-3,144.5,data/images/raw/1-209.jpg,bottom-right,True
1-209-4,151.1,data/images/raw/1-209.jpg,bottom-left,False
1-210-1,138.0,data/images/raw/1-210.jpg,top-left,True
1-210-2,144.0,data/images/raw/1-210.jpg,top-right,False
1-210-3,160.1,data/images/raw/1-210.jpg,bottom-right,True
1-210-4,144.3,data/images/raw/1-210.jpg,bottom-left,False
1-211-1,135.1,data/images/raw/1-211.jpg,top-left,True
1-211-2,135.9,data/images/raw/1-211.jpg,top-right,False
1-211-3,143.0,data/images/raw/1-211.jpg,bottom-right,True
1-211-4,146.7,data/images/raw/1-211.jpg,bottom-left,False
1-212-1,136.1,data/images/raw/1-212.jpg,top-left,True
1-212-2,129.5,data/images/raw/1-212.jpg,top-right,False
1-212-3,139.4,data/images/raw/1-212.jpg,bottom-right,True
1-212-4,148.9,data/images/raw/1-212.jpg,bottom-left,False
1-213-1,136.1,data/images/raw/1-213.jpg,top-left,True
1-213-2,142.1,data/images/raw/1-213.jpg,top-right,False
1-213-3,143.2,data/images/raw/1-213.jpg,bottom-right,True
1-213-4,142.1,data/images/raw/1-213.jpg,bottom-left,False
1-301-1,129.0,data/images/raw/1-301.jpg,top-left,True
1-301-2,133.5,data/images/raw/1-301.jpg,top-right,False
1-301-3,127.1,data/images/raw/1-301.jpg,bottom-right,True
1-301-4,129.5,data/images/raw/1-301.jpg,bottom-left,False
1-302-1,131.8,data/images/raw/1-302.jpg,top-left,True
1-302-2,136.2,data/images/raw/1-302.jpg,top-right,False
1-302-3,135.9,data/images/raw/1-302.jpg,bottom-right,True
1-302-4,133.2,data/images/raw/1-302.jpg,bottom-left,False
1-303-1,135.9,data/images/raw/1-303.jpg,top-left,True
1-303-2,141.8,data/images/raw/1-303.jpg,top-right,False
1-303-3,129.4,data/images/raw/1-303.jpg,bottom-right,True
1-303-4,138.0,data/images/raw/1-303.jpg,bottom-left,False
1-304-1,144.8,data/images/raw/1-304.jpg,top-left,True
1-304-2,141.6,data/images/raw/1-304.jpg,top-right,False
1-304-3,140.3,data/images/raw/1-304.jpg,bottom-right,True
1-304-4,138.9,data/images/raw/1-304.jpg,bottom-left,False
1-305-1,148.0,data/images/raw/1-305.jpg,top-left,True
1-305-2,142.3,data/images/raw/1-305.jpg,top-right,False
1-305-3,132.4,data/images/raw/1-305.jpg,bottom-right,True
1-305-4,140.7,data/images/raw/1-305.jpg,bottom-left,False
1-306-1,149.5,data/images/raw/1-306.jpg,top-left,True
1-306-2,140.7,data/images/raw/1-306.jpg,top-right,False
1-306-3,142.4,data/images/raw/1-306.jpg,bottom-right,True
1-306-4,138.6,data/images/raw/1-306.jpg,bottom-left,False
1-307-1,151.2,data/images/raw/1-307.jpg,top-left,True
1-307-2,138.9,data/images/raw/1-307.jpg,top-right,False
1-307-3,145.8,data/images/raw/1-307.jpg,bottom-right,True
1-307-4,135.4,data/images/raw/1-307.jpg,bottom-left,False
1-308-1,147.1,data/images/raw/1-308.jpg,top-left,True
1-308-2,152.8,data/images/raw/1-308.jpg,top-right,False
1-308-3,136.1,data/images/raw/1-308.jpg,bottom-right,True
1-308-4,136.1,data/images/raw/1-308.jpg,bottom-left,False
1-309-1,149.5,data/images/raw/1-309.jpg,top-left,True
1-309-2,155.2,data/images/raw/1-309.jpg,top-right,False
1-309-3,137.1,data/images/raw/1-309.jpg,bottom-right,True
1-309-4,140.0,data/images/raw/1-309.jpg,bottom-left,False
1-310-1,146.4,data/images/raw/1-310.jpg,top-left,True
1-310-2,148.2,data/images/raw/1-310.jpg,top-right,False
1-310-3,135.8,data/images/raw/1-310.jpg,bottom-right,True
1-310-4,140.9,data/images/raw/1-310.jpg,bottom-left,False
1-311-1,145.6,data/images/raw/1-311.jpg,top-left,True
1-311-2,143.5,data/images/raw/1-311.jpg,top-right,False
1-311-3,138.3,data/images/raw/1-311.jpg,bottom-right,True
1-311-4,144.5,data/images/raw/1-311.jpg,bottom-left,False
1-312-1,144.0,data/images/raw/1-312.jpg,top-left,True
1-312-2,137.9,data/images/raw/1-312.jpg,top-right,False
1-312-3,140.6,data/images/raw/1-312.jpg,bottom-right,True
1-312-4,144.6,data/images/raw/1-312.jpg,bottom-left,False
1-313-1,139.8,data/images/raw/1-313.jpg,top-left,True
1-313-2,140.9,data/images/raw/1-313.jpg,top-right,False
1-313-3,130.2,data/images/raw/1-313.jpg,bottom-right,True
1-313-4,147.2,data/images/raw/1-313.jpg,bottom-left,False
1-401-1,132.5,data/images/raw/1-401.jpg,top-left,True
1-401-2,132.8,data/images/raw/1-401.jpg,top-right,False
1-401-3,133.9,data/images/raw/1-401.jpg,bottom-right,True
1-401-4,131.8,data/images/raw/1-401.jpg,bottom-left,False
1-402-1,131.7,data/images/raw/1-402.jpg,top-left,True
1-402-2,135.8,data/images/raw/1-402.jpg,top-right,False
1-402-3,132.9,data/images/raw/1-402.jpg,bottom-right,True
1-402-4,133.1,data/images/raw/1-402.jpg,bottom-left,False
1-403-1,138.2,data/images/raw/1-403.jpg,top-left,True
1-403-2,134.6,data/images/raw/1-403.jpg,top-right,False
1-403-3,138.0,data/images/raw/1-403.jpg,bottom-right,True
1-403-4,138.6,data/images/raw/1-403.jpg,bottom-left,False
1-404-1,132.5,data/images/raw/1-404.jpg,top-left,True
1-404-2,130.7,data/images/raw/1-404.jpg,top-right,False
1-404-3,139.4,data/images/raw/1-404.jpg,bottom-right,True
1-404-4,134.5,data/images/raw/1-404.jpg,bottom-left,False
1-405-1,129.4,data/images/raw/1-405.jpg,top-left,True
1-405-2,137.1,data/images/raw/1-405.jpg,top-right,False
1-405-3,139.0,data/images/raw/1-405.jpg,bottom-right,True
1-405-4,141.2,data/images/raw/1-405.jpg,bottom-left,False
1-406-1,143.4,data/images/raw/1-406.jpg,top-left,True
1-406-2,132.4,data/images/raw/1-406.jpg,top-right,False
1-406-3,139.2,data/images/raw/1-406.jpg,bottom-right,True
1-406-4,142.3,data/images/raw/1-406.jpg,bottom-left,False
1-407-1,143.0,data/images/raw/1-407.jpg,top-left,True
1-407-2,138.0,data/images/raw/1-407.jpg,top-right,False
1-407-3,138.3,data/images/raw/1-407.jpg,bottom-right,True
1-407-4,146.2,data/images/raw/1-407.jpg,bottom-left,False
1-408-1,145.3,data/images/raw/1-408.jpg,top-left,True
1-408-2,136.8,data/images/raw/1-408.jpg,top-right,False
1-408-3,131.7,data/images/raw/1-408.jpg,bottom-right,True
1-408-4,135.4,data/images/raw/1-408.jpg,bottom-left,False
1-409-1,140.0,data/images/raw/1-409.jpg,top-left,True
1-409-2,135.4,data/images/raw/1-409.jpg,top-right,False
1-409-3,137.7,data/images/raw/1-409.jpg,bottom-right,True
1-409-4,137.1,data/images/raw/1-409.jpg,bottom-left,False
1-410-1,132.3,data/images/raw/1-410.jpg,top-left,True
1-410-2,132.0,data/images/raw/1-410.jpg,top-right,False
1-410-3,139.0,data/images/raw/1-410.jpg,bottom-right,True
1-410-4,138.3,data/images/raw/1-410.jpg,bottom-left,False
1-411-1,131.0,data/images/raw/1-411.jpg,top-left,True
1-411-2,134.5,data/images/raw/1-411.jpg,top-right,False
1-411-3,140.4,data/images/raw/1-411.jpg,bottom-right,True
1-411-4,136.4,data/images/raw/1-411.jpg,bottom-left,False
1-412-1,129.4,data/images/raw/1-412.jpg,top-left,True
1-412-2,148.2,data/images/raw/1-412.jpg,top-right,False
1-412-3,136.5,data/images/raw/1-412.jpg,bottom-right,True
1-412-4,134.2,data/images/raw/1-412.jpg,bottom-left,False
1-413-1,132.1,data/images/raw/1-413.jpg,top-left,True
1-413-2,133.1,data/images/raw/1-413.jpg,top-right,False
1-413-3,142.6,data/images/raw/1-413.jpg,bottom-right,True
1-413-4,133.9,data/images/raw/1-413.jpg,bottom-left,False
1-501-1,133.9,data/images/raw/1-501.jpg,top-left,True
1-501-2,138.2,data/images/raw/1-501.jpg,top-right,False
1-501-3,131.7,data/images/raw/1-501.jpg,bottom-right,True
1-501-4,146.2,data/images/raw/1-501.jpg,bottom-left,False
1-502-1,140.0,data/images/raw/1-502.jpg,top-left,True
1-502-2,116.2,data/images/raw/1-502.jpg,top-right,False
1-502-3,137.7,data/images/raw/1-502.jpg,bottom-right,True
1-502-4,132.0,data/images/raw/1-502.jpg,bottom-left,False
1-503-1,128.0,data/images/raw/1-503.jpg,top-left,True
1-503-2,133.2,data/images/raw/1-503.jpg,top-right,False
1-503-3,132.8,data/images/raw/1-503.jpg,bottom-right,True
1-503-4,113.8,data/images/raw/1-503.jpg,bottom-left,False
1-504-1,114.1,data/images/raw/1-504.jpg,top-left,True
1-504-2,132.4,data/images/raw/1-504.jpg,top-right,False
1-504-3,129.4,data/images/raw/1-504.jpg,bottom-right,True
1-504-4,138.2,data/images/raw/1-504.jpg,bottom-left,False
1-505-1,132.7,data/images/raw/1-505.jpg,top-left,True
1-505-2,134.4,data/images/raw/1-505.jpg,top-right,False
1-505-3,138.2,data/images/raw/1-505.jpg,bottom-right,True
1-505-4,139.5,data/images/raw/1-505.jpg,bottom-left,False
1-506-1,129.5,data/images/raw/1-506.jpg,top-left,True
1-506-2,116.3,data/images/raw/1-506.jpg,top-right,False
1-506-3,143.7,data/images/raw/1-506.jpg,bottom-right,True
1-506-4,154.5,data/images/raw/1-506.jpg,bottom-left,False
1-507-1,133.1,data/images/raw/1-507.jpg,top-left,True
1-507-2,130.4,data/images/raw/1-507.jpg,top-right,False
1-507-3,128.7,data/images/raw/1-507.jpg,bottom-right,True
1-507-4,143.6,data/images/raw/1-507.jpg,bottom-left,False
1-508-1,134.2,data/images/raw/1-508.jpg,top-left,True
1-508-2,132.1,data/images/raw/1-508.jpg,top-right,False
1-508-3,115.1,data/images/raw/1-508.jpg,bottom-right,True
1-508-4,131.7,data/images/raw/1-508.jpg,bottom-left,False
1-509-1,137.1,data/images/raw/1-509.jpg,top-left,True
1-509-2,130.6,data/images/raw/1-509.jpg,top-right,False
1-509-3,138.6,data/images/raw/1-509.jpg,bottom-right,True
1-509-4,126.3,data/images/raw/1-509.jpg,bottom-left,False
1-510-1,129.9,data/images/raw/1-510.jpg,top-left,True
1-510-2,133.5,data/images/raw/1-510.jpg,top-right,False
1-510-3,133.6,data/images/raw/1-510.jpg,bottom-right,True
1-510-4,128.0,data/images/raw/1-510.jpg,bottom-left,False
1-511-1,126.8,data/images/raw/1-511.jpg,top-left,True
1-511-2,136.2,data/images/raw/1-511.jpg,top-right,False
1-511-3,124.8,data/images/raw/1-511.jpg,bottom-right,True
1-511-4,106.2,data/images/raw/1-511.jpg,bottom-left,False
1-512-1,128.0,data/images/raw/1-512.jpg,top-left,True
1-512-2,108.9,data/images/raw/1-512.jpg,top-right,False
1-512-3,125.8,data/images/raw/1-512.jpg,bottom-right,True
1-512-4,122.7,data/images/raw/1-512.jpg,bottom-left,False
1-513-1,127.8,data/images/raw/1-513.jpg,top-left,True
1-513-2,140.1,data/images/raw/1-513.jpg,top-right,False
1-513-3,132.7,data/images/raw/1-513.jpg,bottom-right,True
1-513-4,142.4,data/images/raw/1-513.jpg,bottom-left,False
1-601-1,147.1,data/images/raw/1-601.jpg,top-left,True
1-601-2,138.0,data/images/raw/1-601.jpg,top-right,False
1-601-3,138.4,data/images/raw/1-601.jpg,bottom-right,True
1-601-4,138.2,data/images/raw/1-601.jpg,bottom-left,False
1-602-1,144.5,data/images/raw/1-602.jpg,top-left,True
1-602-2,134.6,data/images/raw/1-602.jpg,top-right,False
1-602-3,141.6,data/images/raw/1-602.jpg,bottom-right,True
1-602-4,153.1,data/images/raw/1-602.jpg,bottom-left,False
1-603-1,143.0,data/images/raw/1-603.jpg,top-left,True
1-603-2,136.5,data/images/raw/1-603.jpg,top-right,False
1-603-3,138.0,data/images/raw/1-603.jpg,bottom-right,True
1-603-4,137.1,data/images/raw/1-603.jpg,bottom-left,False
1-604-1,124.6,data/images/raw/1-604.jpg,top-left,True
1-604-2,135.8,data/images/raw/1-604.jpg,top-right,False
1-604-3,133.6,data/images/raw/1-604.jpg,bottom-right,True
1-604-4,154.3,data/images/raw/1-604.jpg,bottom-left,False
1-605-1,138.3,data/images/raw/1-605.jpg,top-left,True
1-605-2,141.2,data/images/raw/1-605.jpg,top-right,False
1-605-3,137.6,data/images/raw/-605.jpg,bottom-right,True
1-605-4,150.6,data/images/raw/1-605.jpg,bottom-left,False
1-606-1,135.8,data/images/raw/1-606.jpg,top-left,True
1-606-2,148.9,data/images/raw/1-606.jpg,top-right,False
1-606-3,144.0,data/images/raw/1-606.jpg,bottom-right,True
1-606-4,140.3,data/images/raw/1-606.jpg,bottom-left,False
1-607-1,140.0,data/images/raw/1-607.jpg,top-left,True
1-607-2,139.5,data/images/raw/1-607.jpg,top-right,False
1-607-3,153.1,data/images/raw/1-607.jpg,bottom-right,True
1-607-4,136.7,data/images/raw/1-607.jpg,bottom-left,False
1-608-1,148.2,data/images/raw/1-608.jpg,top-left,True
1-608-2,154.5,data/images/raw/1-608.jpg,top-right,False
1-608-3,129.8,data/images/raw/1-608.jpg,bottom-right,True
1-608-4,148.7,data/images/raw/1-608.jpg,bottom-left,False
1-609-1,140.2,data/images/raw/1-609.jpg,top-left,True
1-609-2,135.5,data/images/raw/1-609.jpg,top-right,False
1-609-3,157.2,data/images/raw/1-609.jpg,bottom-right,True
1-609-4,137.6,data/images/raw/1-609.jpg,bottom-left,False
1-610-1,138.4,data/images/raw/1-610.jpg,top-left,True
1-610-2,144.8,data/images/raw/1-610.jpg,top-right,False
1-610-3,137.0,data/images/raw/1-610.jpg,bottom-right,True
1-610-4,145.4,data/images/raw/1-610.jpg,bottom-left,False
1-611-1,148.5,data/images/raw/1-611.jpg,top-left,True
1-611-2,133.2,data/images/raw/1-611.jpg,top-right,False
1-611-3,140.4,data/images/raw/1-611.jpg,bottom-right,True
1-611-4,153.5,data/images/raw/1-611.jpg,bottom-left,False
2-401-1,124.0,data/images/raw/2-401.jpg,top-left,False
2-401-2,126.6,data/images/raw/2-401.jpg,top-right,False
2-401-3,120.0,data/images/raw/2-401.jpg,bottom-right,False
2-401-4,128.4,data/images/raw/2-401.jpg,bottom-left,False
2-402-1,137.3,data/images/raw/2-402.jpg,top-left,False
2-402-2,145.8,data/images/raw/2-402.jpg,top-right,False
2-402-3,131.3,data/images/raw/2-402.jpg,bottom-right,False
2-402-4,129.2,data/images/raw/2-402.jpg,bottom-left,False
2-403-1,147.1,data/images/raw/2-403.jpg,top-left,False
2-403-2,140.7,data/images/raw/2-403.jpg,top-right,False
2-403-3,133.8,data/images/raw/2-403.jpg,bottom-right,False
2-403-4,139.2,data/images/raw/2-403.jpg,bottom-left,False
2-404-1,140.3,data/images/raw/2-404.jpg,top-left,False
2-404-2,131.1,data/images/raw/2-404.jpg,top-right,False
2-404-3,126.4,data/images/raw/2-404.jpg,bottom-right,False
2-404-4,115.4,data/images/raw/2-404.jpg,bottom-left,False
2-405-1,130.6,data/images/raw/2-405.jpg,top-left,False
2-405-2,128.2,data/images/raw/2-405.jpg,top-right,False
2-405-3,128.0,data/images/raw/2-405.jpg,bottom-right,False
2-405-4,129.6,data/images/raw/2-405.jpg,bottom-left,False
2-406-1,129.0,data/images/raw/2-406.jpg,top-left,False
2-406-2,129.2,data/images/raw/2-406.jpg,top-right,False
2-406-3,125.9,data/images/raw/2-406.jpg,bottom-right,False
2-406-4,116.6,data/images/raw/2-406.jpg,bottom-left,False
2-407-1,126.2,data/images/raw/2-407.jpg,top-left,False
2-407-2,131.0,data/images/raw/2-407.jpg,top-right,False
2-407-3,132.1,data/images/raw/2-407.jpg,bottom-right,False
2-407-4,128.7,data/images/raw/2-407.jpg,bottom-left,False
2-408-1,111.6,data/images/raw/2-408.jpg,top-left,False
2-408-2,136.7,data/images/raw/2-408.jpg,top-right,False
2-408-3,128.2,data/images/raw/2-408.jpg,bottom-right,False
2-408-4,134.6,data/images/raw/2-408.jpg,bottom-left,False
2-409-1,129.6,data/images/raw/2-409.jpg,top-left,False
2-409-2,140.7,data/images/raw/2-409.jpg,top-right,False
2-409-3,141.0,data/images/raw/2-409.jpg,bottom-right,False
2-409-4,134.5,data/images/raw/2-409.jpg,bottom-left,False
2-410-1,138.4,data/images/raw/2-410.jpg,top-left,False
2-410-2,128.7,data/images/raw/2-410.jpg,top-right,False
2-410-3,137.0,data/images/raw/2-410.jpg,bottom-right,False
2-410-4,130.7,data/images/raw/2-410.jpg,bottom-left,False
2-411-1,119.1,data/images/raw/2-411.jpg,top-left,False
2-411-2,132.4,data/images/raw/2-411.jpg,top-right,False
2-411-3,137.1,data/images/raw/2-411.jpg,bottom-right,False
2-411-4,125.0,data/images/raw/2-411.jpg,bottom-left,False
2-412-1,134.6,data/images/raw/2-412.jpg,top-left,False
2-412-2,132.4,data/images/raw/2-412.jpg,top-right,False
2-412-3,130.4,data/images/raw/2-412.jpg,bottom-right,False
2-412-4,133.4,data/images/raw/2-412.jpg,bottom-left,False
2-413-1,129.9,data/images/raw/2-413.jpg,top-left,False
2-413-2,127.2,data/images/raw/2-413.jpg,top-right,False
2-413-3,133.2,data/images/raw/2-413.jpg,bottom-right,False
2-413-4,127.9,data/images/raw/2-413.jpg,bottom-left,False
2-414-1,140.9,data/images/raw/2-414.jpg,top-left,False
2-414-2,129.4,data/images/raw/2-414.jpg,top-right,False
2-414-3,125.1,data/images/raw/2-414.jpg,bottom-right,False
2-414-4,125.7,data/images/raw/2-414.jpg,bottom-left,False
2-415-1,126.3,data/images/raw/2-415.jpg,top-left,False
2-415-2,133.5,data/images/raw/2-415.jpg,top-right,False
2-415-3,130.9,data/images/raw/2-415.jpg,bottom-right,False
2-415-4,121.9,data/images/raw/2-415.jpg,bottom-left,False
2-416-1,134.5,data/images/raw/2-416.jpg,top-left,False
2-416-2,125.5,data/images/raw/2-416.jpg,top-right,False
2-416-3,120.6,data/images/raw/2-416.jpg,bottom-right,False
2-416-4,122.9,data/images/raw/2-416.jpg,bottom-left,False
2-501-1,129.8,data/images/raw/2-501.jpg,top-left,False
2-501-2,119.7,data/images/raw/2-501.jpg,top-right,False
2-501-3,124.3,data/images/raw/2-501.jpg,bottom-right,False
2-501-4,125.7,data/images/raw/2-501.jpg,bottom-left,False
2-502-1,114.1,data/images/raw/2-502.jpg,top-left,False
2-502-2,129.5,data/images/raw/2-502.jpg,top-right,False
2-502-3,117.1,data/images/raw/2-502.jpg,bottom-right,False
2-502-4,127.4,data/images/raw/2-502.jpg,bottom-left,False
2-503-1,127.9,data/images/raw/2-503.jpg,top-left,False
2-503-2,125.9,data/images/raw/2-503.jpg,top-right,False
2-503-3,127.2,data/images/raw/2-503.jpg,bottom-right,False
2-503-4,133.4,data/images/raw/2-503.jpg,bottom-left,False
2-504-1,134.1,data/images/raw/2-504.jpg,top-left,False
2-504-2,134.8,data/images/raw/2-504.jpg,top-right,False
2-504-3,129.6,data/images/raw/2-504.jpg,bottom-right,False
2-504-4,132.7,data/images/raw/2-504.jpg,bottom-left,False
2-505-1,133.2,data/images/raw/2-505.jpg,top-left,False
2-505-2,125.9,data/images/raw/2-505.jpg,top-right,False
2-505-3,134.1,data/images/raw/2-505.jpg,bottom-right,False
2-505-4,128.0,data/images/raw/2-505.jpg,bottom-left,False
2-506-1,127.5,data/images/raw/2-506.jpg,top-left,False
2-506-2,122.0,data/images/raw/2-506.jpg,top-right,False
2-506-3,124.9,data/images/raw/2-506.jpg,bottom-right,False
2-506-4,124.8,data/images/raw/2-506.jpg,bottom-left,False
2-507-1,125.5,data/images/raw/2-507.jpg,top-left,False
2-507-2,125.9,data/images/raw/2-507.jpg,top-right,False
2-507-3,124.3,data/images/raw/2-507.jpg,bottom-right,False
2-507-4,126.2,data/images/raw/2-507.jpg,bottom-left,False
2-508-1,129.8,data/images/raw/2-508.jpg,top-left,False
2-508-2,125.7,data/images/raw/2-508.jpg,top-right,False
2-508-3,127.1,data/images/raw/2-508.jpg,bottom-right,False
2-508-4,127.2,data/images/raw/2-508.jpg,bottom-left,False
2-509-1,140.9,data/images/raw/2-509.jpg,top-left,False
2-509-2,127.1,data/images/raw/2-509.jpg,top-right,False
2-509-3,120.6,data/images/raw/2-509.jpg,bottom-right,False
2-509-4,128.8,data/images/raw/2-509.jpg,bottom-left,False
2-510-1,133.6,data/images/raw/2-510.jpg,top-left,False
2-510-2,125.0,data/images/raw/2-510.jpg,top-right,False
2-510-3,131.4,data/images/raw/2-510.jpg,bottom-right,False
2-510-4,125.5,data/images/raw/2-510.jpg,bottom-left,False
2-511-1,134.8,data/images/raw/2-511.jpg,top-left,False
2-511-2,129.1,data/images/raw/2-511.jpg,top-right,False
2-511-3,126.3,data/images/raw/2-511.jpg,bottom-right,False
2-511-4,130.6,data/images/raw/2-511.jpg,bottom-left,False
2-512-1,129.4,data/images/raw/2-512.jpg,top-left,False
2-512-2,128.6,data/images/raw/2-512.jpg,top-right,False
2-512-3,124.3,data/images/raw/2-512.jpg,bottom-right,False
2-512-4,123.6,data/images/raw/2-512.jpg,bottom-left,False
2-513-1,126.4,data/images/raw/2-513.jpg,top-left,False
2-513-2,131.8,data/images/raw/2-513.jpg,top-right,False
2-513-3,124.5,data/images/raw/2-513.jpg,bottom-right,False
2-513-4,124.5,data/images/raw/2-513.jpg,bottom-left,False
2-514-1,131.4,data/images/raw/2-514.jpg,top-left,False
2-514-2,123.1,data/images/raw/2-514.jpg,top-right,False
2-514-3,122.2,data/images/raw/2-514.jpg,bottom-right,False
2-514-4,124.6,data/images/raw/2-514.jpg,bottom-left,False
2-515-1,129.8,data/images/raw/2-515.jpg,top-left,False
2-515-2,130.7,data/images/raw/2-515.jpg,top-right,False
2-515-3,122.7,data/images/raw/2-515.jpg,bottom-right,False
2-515-4,127.2,data/images/raw/2-515.jpg,bottom-left,False
2-516-1,124.8,data/images/raw/2-516.jpg,top-left,False
2-516-2,125.9,data/images/raw/2-516.jpg,top-right,False
2-516-3,122.5,data/images/raw/2-516.jpg,bottom-right,False
2-516-4,,,bottom-left,True
2-601-1,120.4,data/images/raw/2-601.jpg,top-left,False
2-601-2,128.4,data/images/raw/2-601.jpg,top-right,False
2-601-3,138.0,data/images/raw/2-601.jpg,bottom-right,False
2-601-4,129.2,data/images/raw/2-601.jpg,bottom-left,False
2-602-1,130.2,data/images/raw/2-602.jpg,top-left,False
2-602-2,129.4,data/images/raw/2-602.jpg,top-right,False
2-602-3,131.8,data/images/raw/2-602.jpg,bottom-right,False
2-602-4,131.3,data/images/raw/2-602.jpg,bottom-left,False
2-603-1,129.9,data/images/raw/2-603.jpg,top-left,False
2-603-2,135.1,data/images/raw/2-603.jpg,top-right,False
2-603-3,129.9,data/images/raw/2-603.jpg,bottom-right,False
2-603-4,131.1,data/images/raw/2-603.jpg,bottom-left,False
2-604-1,127.8,data/images/raw/2-604.jpg,top-left,False
2-604-2,130.7,data/images/raw/2-604.jpg,top-right,False
2-604-3,139.4,data/images/raw/2-604.jpg,bottom-right,False
2-604-4,126.2,data/images/raw/2-604.jpg,bottom-left,False
2-605-1,122.5,data/images/raw/2-605.jpg,top-left,False
2-605-2,129.8,data/images/raw/2-605.jpg,top-right,False
2-605-3,140.3,data/images/raw/2-605.jpg,bottom-right,False
2-605-4,131.4,data/images/raw/2-605.jpg,bottom-left,False
2-606-1,123.5,data/images/raw/2-606.jpg,top-left,False
2-606-2,112.5,data/images/raw/2-606.jpg,top-right,False
2-606-3,142.4,data/images/raw/2-606.jpg,bottom-right,False
2-606-4,120.4,data/images/raw/2-606.jpg,bottom-left,False
2-607-1,125.0,data/images/raw/2-607.jpg,top-left,False
2-607-2,130.3,data/images/raw/2-607.jpg,top-right,False
2-607-3,132.1,data/images/raw/2-607.jpg,bottom-right,False
2-607-4,134.2,data/images/raw/2-607.jpg,bottom-left,False
2-608-1,128.6,data/images/raw/2-608.jpg,top-left,False
2-608-2,130.9,data/images/raw/2-608.jpg,top-right,False
2-608-3,134.5,data/images/raw/2-608.jpg,bottom-right,False
2-608-4,131.4,data/images/raw/2-608.jpg,bottom-left,False
2-609-1,126.0,data/images/raw/2-609.jpg,top-left,False
2-609-2,135.2,data/images/raw/2-609.jpg,top-right,False
2-609-3,131.3,data/images/raw/2-609.jpg,bottom-right,False
2-609-4,142.3,data/images/raw/2-609.jpg,bottom-left,False
2-610-1,123.7,data/images/raw/2-610.jpg,top-left,False
2-610-2,132.7,data/images/raw/2-610.jpg,top-right,False
2-610-3,132.4,data/images/raw/2-610.jpg,bottom-right,False
2-610-4,129.1,data/images/raw/2-610.jpg,bottom-left,False
2-611-1,132.2,data/images/raw/2-611.jpg,top-left,False
2-611-2,135.5,data/images/raw/2-611.jpg,top-right,False
2-611-3,127.0,data/images/raw/2-611.jpg,bottom-right,False
2-611-4,118.5,data/images/raw/2-611.jpg,bottom-left,False
2-612-1,131.0,data/images/raw/2-612.jpg,top-left,False
2-612-2,123.6,data/images/raw/2-612.jpg,top-right,False
2-612-3,136.5,data/images/raw/2-612.jpg,bottom-right,False
2-612-4,127.2,data/images/raw/2-612.jpg,bottom-left,False
2-613-1,128.3,data/images/raw/2-613.jpg,top-left,False
2-613-2,134.4,data/images/raw/2-613.jpg,top-right,False
2-613-3,127.6,data/images/raw/2-613.jpg,bottom-right,False
2-613-4,130.2,data/images/raw/2-613.jpg,bottom-left,False
2-614-1,129.5,data/images/raw/2-614.jpg,top-left,False
2-614-2,129.1,data/images/raw/2-614.jpg,top-right,False
2-614-3,126.8,data/images/raw/2-614.jpg,bottom-right,False
2-614-4,138.2,data/images/raw/2-614.jpg,bottom-left,False
2-615-1,114.8,data/images/raw/2-615.jpg,top-left,False
2-615-2,129.6,data/images/raw/2-615.jpg,top-right,False
2-615-3,129.2,data/images/raw/2-615.jpg,bottom-right,False
2-615-4,122.5,data/images/raw/2-615.jpg,bottom-left,False
2-616-1,135.8,data/images/raw/2-616.jpg,top-left,False
2-616-2,101.0,data/images/raw/2-616.jpg,top-right,False
2-616-3,130.2,data/images/raw/2-616.jpg,bottom-right,False
2-616-4,129.1,data/images/raw/2-616.jpg,bottom-left,False
3-101-1,147.2,data/images/raw/3-101.jpg,top-left,False
3-101-2,157.4,data/images/raw/3-101.jpg,top-right,False
3-101-3,155.1,data/images/raw/3-101.jpg,bottom-right,False
3-101-4,148.2,data/images/raw/3-101.jpg,bottom-left,False
3-102-1,,,top-left,True
3-102-2,153.3,data/images/raw/3-102.jpg,top-right,False
3-102-3,150.9,data/images/raw/3-102.jpg,bottom-right,False
3-102-4,135.1,data/images/raw/3-102.jpg,bottom-left,False
3-103-1,148.7,data/images/raw/3-103.jpg,top-left,False
3-103-2,147.9,data/images/raw/3-103.jpg,top-right,False
3-103-3,145.4,data/images/raw/3-103.jpg,bottom-right,False
3-103-4,142.6,data/images/raw/3-103.jpg,bottom-left,False
3-104-1,150.2,data/images/raw/3-104.jpg,top-left,False
3-104-2,145.3,data/images/raw/3-104.jpg,top-right,False
3-104-3,150.2,data/images/raw/3-104.jpg,bottom-right,False
3-104-4,146.6,data/images/raw/3-104.jpg,bottom-left,False
3-105-1,139.4,data/images/raw/3-105.jpg,top-left,False
3-105-2,141.2,data/images/raw/3-105.jpg,top-right,False
3-105-3,145.3,data/images/raw/3-105.jpg,bottom-right,False
3-105-4,146.7,data/images/raw/3-105.jpg,bottom-left,False
3-106-1,145.6,data/images/raw/3-106.jpg,top-left,False
3-106-2,143.7,data/images/raw/3-106.jpg,top-right,False
3-106-3,140.7,data/images/raw/3-106.jpg,bottom-right,False
3-106-4,134.9,data/images/raw/3-106.jpg,bottom-left,False
3-107-1,141.6,data/images/raw/3-107.jpg,top-left,False
3-107-2,143.0,data/images/raw/3-107.jpg,top-right,False
3-107-3,148.7,data/images/raw/3-107.jpg,bottom-right,False
3-107-4,150.7,data/images/raw/3-107.jpg,bottom-left,False
3-108-1,134.2,data/images/raw/3-108.jpg,top-left,False
3-108-2,136.7,data/images/raw/3-108.jpg,top-right,False
3-108-3,149.0,data/images/raw/3-108.jpg,bottom-right,False
3-108-4,141.6,data/images/raw/3-108.jpg,bottom-left,False
3-109-1,140.4,data/images/raw/3-109.jpg,top-left,False
3-109-2,132.7,data/images/raw/3-109.jpg,top-right,False
3-109-3,139.8,data/images/raw/3-109.jpg,bottom-right,False
3-109-4,149.5,data/images/raw/3-109.jpg,bottom-left,False
3-110-1,132.5,data/images/raw/3-110.jpg,top-left,False
3-110-2,139.2,data/images/raw/3-110.jpg,top-right,False
3-110-3,153.5,data/images/raw/3-110.jpg,bottom-right,False
3-110-4,153.6,data/images/raw/3-110.jpg,bottom-left,False
3-111-1,129.8,data/images/raw/3-111.jpg,top-left,False
3-111-2,118.7,data/images/raw/3-111.jpg,top-right,False
3-111-3,124.0,data/images/raw/3-111.jpg,bottom-right,False
3-111-4,154.3,data/images/raw/3-111.jpg,bottom-left,False
3-112-1,131.1,data/images/raw/3-112.jpg,top-left,False
3-112-2,113.8,data/images/raw/3-112.jpg,top-right,False
3-112-3,147.2,data/images/raw/3-112.jpg,bottom-right,False
3-112-4,144.3,data/images/raw/3-112.jpg,bottom-left,False
3-113-1,121.3,data/images/raw/3-113.jpg,top-left,False
3-113-2,119.4,data/images/raw/3-113.jpg,top-right,False
3-113-3,140.7,data/images/raw/3-113.jpg,bottom-right,False
3-113-4,143.8,data/images/raw/3-113.jpg,bottom-left,False
3-114-1,122.0,data/images/raw/3-114.jpg,top-left,False
3-114-2,118.7,data/images/raw/3-114.jpg,top-right,False
3-114-3,139.4,data/images/raw/3-114.jpg,bottom-right,False
3-114-4,142.6,data/images/raw/3-114.jpg,bottom-left,False
3-115-1,120.8,data/images/raw/3-115.jpg,top-left,False
3-115-2,122.7,data/images/raw/3-115.jpg,top-right,False
3-115-3,146.6,data/images/raw/3-115.jpg,bottom-right,False
3-115-4,148.9,data/images/raw/3-115.jpg,bottom-left,False
3-116-1,124.5,data/images/raw/3-116.jpg,top-left,False
3-116-2,130.0,data/images/raw/3-116.jpg,top-right,False
3-116-3,140.1,data/images/raw/3-116.jpg,bottom-right,False
3-116-4,144.6,data/images/raw/3-116.jpg,bottom-left,False
3-117-1,128.6,data/images/raw/3-117.jpg,top-left,False
3-117-2,122.4,data/images/raw/3-117.jpg,top-right,False
3-117-3,149.2,data/images/raw/3-117.jpg,bottom-right,False
3-117-4,132.8,data/images/raw/3-117.jpg,bottom-left,False
3-118-1,120.8,data/images/raw/3-118.jpg,top-left,False
3-118-2,131.0,data/images/raw/3-118.jpg,top-right,False
3-118-3,147.1,data/images/raw/3-118.jpg,bottom-right,False
3-118-4,146.2,data/images/raw/3-118.jpg,bottom-left,False
3-119-1,129.4,data/images/raw/3-119.jpg,top-left,False
3-119-2,134.4,data/images/raw/3-119.jpg,top-right,False
3-119-3,151.7,data/images/raw/3-119.jpg,bottom-right,False
3-119-4,142.7,data/images/raw/3-119.jpg,bottom-left,False
3-120-1,139.7,data/images/raw/3-120.jpg,top-left,False
3-120-2,132.8,data/images/raw/3-120.jpg,top-right,False
3-120-3,147.5,data/images/raw/3-120.jpg,bottom-right,False
3-120-4,140.4,data/images/raw/3-120.jpg,bottom-left,False
3-121-1,129.9,data/images/raw/3-121.jpg,top-left,False
3-121-2,133.2,data/images/raw/3-121.jpg,top-right,False
3-121-3,146.6,data/images/raw/3-121.jpg,bottom-right,False
3-121-4,125.4,data/images/raw/3-121.jpg,bottom-left,False
3-122-1,143.2,data/images/raw/3-122.jpg,top-left,True
3-122-2,147.1,data/images/raw/3-122.jpg,top-right,True
3-122-3,144.2,data/images/raw/3-122.jpg,bottom-right,True
3-122-4,145.1,data/images/raw/3-122.jpg,bottom-left,True
3-201-1,139.5,data/images/raw/3-201.jpg,top-left,False
3-201-2,137.2,data/images/raw/3-201.jpg,top-right,False
3-201-3,146.6,data/images/raw/3-201.jpg,bottom-right,False
3-201-4,137.7,data/images/raw/3-201.jpg,bottom-left,False
3-202-1,135.7,data/images/raw/3-202.jpg,top-left,False
3-202-2,138.0,data/images/raw/3-202.jpg,top-right,False
3-202-3,144.9,data/images/raw/3-202.jpg,bottom-right,False
3-202-4,138.2,data/images/raw/3-202.jpg,bottom-left,False
3-203-1,129.4,data/images/raw/3-203.jpg,top-left,False
3-203-2,135.5,data/images/raw/3-203.jpg,top-right,False
3-203-3,151.1,data/images/raw/3-203.jpg,bottom-right,False
3-203-4,145.2,data/images/raw/3-203.jpg,bottom-left,False
3-204-1,131.3,data/images/raw/3-204.jpg,top-left,False
3-204-2,142.1,data/images/raw/3-204.jpg,top-right,False
3-204-3,138.8,data/images/raw/3-204.jpg,bottom-right,False
3-204-4,146.2,data/images/raw/3-204.jpg,bottom-left,False
3-205-1,137.0,data/images/raw/3-205.jpg,top-left,False
3-205-2,140.4,data/images/raw/3-205.jpg,top-right,False
3-205-3,139.7,data/images/raw/3-205.jpg,bottom-right,False
3-205-4,143.0,data/images/raw/3-205.jpg,bottom-left,False
3-206-1,,,top-left,True
3-206-2,133.5,data/images/raw/3-206.jpg,top-right,False
3-206-3,144.5,data/images/raw/3-206.jpg,bottom-right,False
3-206-4,,,bottom-left,True
3-207-1,134.1,data/images/raw/3-207.jpg,top-left,False
3-207-2,140.0,data/images/raw/3-207.jpg,top-right,False
3-207-3,137.4,data/images/raw/3-207.jpg,bottom-right,False
3-207-4,142.3,data/images/raw/3-207.jpg,bottom-left,False
3-208-1,144.3,data/images/raw/3-208.jpg,top-left,False
3-208-2,144.3,data/images/raw/3-208.jpg,top-right,False
3-208-3,137.7,data/images/raw/3-208.jpg,bottom-right,False
3-208-4,142.7,data/images/raw/3-208.jpg,bottom-left,False
3-209-1,134.8,data/images/raw/3-209.jpg,top-left,False
3-209-2,132.7,data/images/raw/3-209.jpg,top-right,False
3-209-3,145.1,data/images/raw/3-209.jpg,bottom-right,False
3-209-4,146.6,data/images/raw/3-209.jpg,bottom-left,False
3-210-1,140.6,data/images/raw/3-210.jpg,top-left,False
3-210-2,139.4,data/images/raw/3-210.jpg,top-right,False
3-210-3,139.8,data/images/raw/3-210.jpg,bottom-right,False
3-210-4,146.9,data/images/raw/3-210.jpg,bottom-left,False
3-211-1,137.4,data/images/raw/3-211.jpg,top-left,False
3-211-2,144.6,data/images/raw/3-211.jpg,top-right,False
3-211-3,143.4,data/images/raw/3-211.jpg,bottom-right,False
3-211-4,138.9,data/images/raw/3-211.jpg,bottom-left,False
3-212-1,,,top-left,True
3-212-2,,,top-right,True
3-212-3,,,bottom-right,True
3-212-4,,,bottom-left,True
3-213-1,138.2,data/images/raw/3-213.jpg,top-left,False
3-213-2,112.3,data/images/raw/3-213.jpg,top-right,False
3-213-3,143.0,data/images/raw/3-213.jpg,bottom-right,False
3-213-4,134.4,data/images/raw/3-213.jpg,bottom-left,False
3-214-1,139.0,data/images/raw/3-214.jpg,top-left,False
3-214-2,135.2,data/images/raw/3-214.jpg,top-right,False
3-214-3,140.7,data/images/raw/3-214.jpg,bottom-right,False
3-214-4,144.8,data/images/raw/3-214.jpg,bottom-left,False
3-215-1,,,top-left,True
3-215-2,139.8,data/images/raw/3-215.jpg,top-right,False
3-215-3,,,bottom-right,True
3-215-4,132.7,data/images/raw/3-215.jpg,bottom-left,False
3-216-1,142.7,data/images/raw/3-216.jpg,top-left,False
3-216-2,138.3,data/images/raw/3-216.jpg,top-right,False
3-216-3,138.3,data/images/raw/3-216.jpg,bottom-right,False
3-216-4,138.3,data/images/raw/3-216.jpg,bottom-left,False
3-217-1,140.1,data/images/raw/3-217.jpg,top-left,False
3-217-2,136.2,data/images/raw/3-217.jpg,top-right,False
3-217-3,138.9,data/images/raw/3-217.jpg,bottom-right,False
3-217-4,139.0,data/images/raw/3-217.jpg,bottom-left,False
3-218-1,139.7,data/images/raw/3-218.jpg,top-left,False
3-218-2,140.4,data/images/raw/3-218.jpg,top-right,False
3-218-3,136.7,data/images/raw/3-218.jpg,bottom-right,False
3-218-4,136.5,data/images/raw/3-218.jpg,bottom-left,False
3-219-1,151.7,data/images/raw/3-219.jpg,top-left,False
3-219-2,144.6,data/images/raw/3-219.jpg,top-right,False
3-219-3,140.4,data/images/raw/3-219.jpg,bottom-right,False
3-219-4,144.8,data/images/raw/3-219.jpg,bottom-left,False
3-220-1,142.6,data/images/raw/3-220.jpg,top-left,False
3-220-2,138.9,data/images/raw/3-220.jpg,top-right,False
3-220-3,144.6,data/images/raw/3-220.jpg,bottom-right,False
3-220-4,138.2,data/images/raw/3-220.jpg,bottom-left,False
3-221-1,135.9,data/images/raw/3-221.jpg,top-left,False
3-221-2,136.7,data/images/raw/3-221.jpg,top-right,False
3-221-3,142.3,data/images/raw/3-221.jpg,bottom-right,False
3-221-4,137.7,data/images/raw/3-221.jpg,bottom-left,False
3-301-1,133.9,data/images/raw/3-301.jpg,top-left,False
3-301-2,144.6,data/images/raw/3-301.jpg,top-right,False
3-301-3,142.4,data/images/raw/3-301.jpg,bottom-right,False
3-301-4,143.2,data/images/raw/3-301.jpg,bottom-left,False
3-302-1,146.6,data/images/raw/3-302.jpg,top-left,False
3-302-2,139.0,data/images/raw/3-302.jpg,top-right,False
3-302-3,141.0,data/images/raw/3-302.jpg,bottom-right,False
3-302-4,142.3,data/images/raw/3-302.jpg,bottom-left,False
3-303-1,144.2,data/images/raw/3-303.jpg,top-left,False
3-303-2,139.4,data/images/raw/3-303.jpg,top-right,False
3-303-3,151.9,data/images/raw/3-303.jpg,bottom-right,False
3-303-4,139.7,data/images/raw/3-303.jpg,bottom-left,False
3-304-1,141.8,data/images/raw/3-304.jpg,top-left,False
3-304-2,135.7,data/images/raw/3-304.jpg,top-right,False
3-304-3,137.0,data/images/raw/3-304.jpg,bottom-right,False
3-304-4,141.9,data/images/raw/3-304.jpg,bottom-left,False
3-305-1,132.9,data/images/raw/3-305.jpg,top-left,False
3-305-2,134.2,data/images/raw/3-305.jpg,top-right,False
3-305-3,142.6,data/images/raw/3-305.jpg,bottom-right,False
3-305-4,150.6,data/images/raw/3-305.jpg,bottom-left,False
3-306-1,140.3,data/images/raw/3-306.jpg,top-left,False
3-306-2,139.5,data/images/raw/3-306.jpg,top-right,False
3-306-3,140.9,data/images/raw/3-306.jpg,bottom-right,False
3-306-4,141.9,data/images/raw/3-306.jpg,bottom-left,False
3-307-1,131.3,data/images/raw/3-307.jpg,top-left,False
3-307-2,136.1,data/images/raw/3-307.jpg,top-right,False
3-307-3,138.0,data/images/raw/3-307.jpg,bottom-right,False
3-307-4,137.1,data/images/raw/3-307.jpg,bottom-left,False
3-308-1,146.4,data/images/raw/3-308.jpg,top-left,False
3-308-2,142.4,data/images/raw/3-308.jpg,top-right,False
3-308-3,142.6,data/images/raw/3-308.jpg,bottom-right,False
3-308-4,147.7,data/images/raw/3-308.jpg,bottom-left,False
3-309-1,148.7,data/images/raw/3-309.jpg,top-left,False
3-309-2,139.4,data/images/raw/3-309.jpg,top-right,False
3-309-3,139.5,data/images/raw/3-309.jpg,bottom-right,False
3-309-4,143.8,data/images/raw/3-309.jpg,bottom-left,False
3-310-1,143.8,data/images/raw/3-310.jpg,top-left,False
3-310-2,144.3,data/images/raw/3-310.jpg,top-right,False
3-310-3,135.2,data/images/raw/3-310.jpg,bottom-right,False
3-310-4,144.8,data/images/raw/3-310.jpg,bottom-left,False
3-311-1,141.0,data/images/raw/3-311.jpg,top-left,False
3-311-2,143.2,data/images/raw/3-311.jpg,top-right,False
3-311-3,143.0,data/images/raw/3-311.jpg,bottom-right,False
3-311-4,140.9,data/images/raw/3-311.jpg,bottom-left,False
3-312-1,138.9,data/images/raw/3-312.jpg,top-left,False
3-312-2,124.9,data/images/raw/3-312.jpg,top-right,False
3-312-3,136.8,data/images/raw/3-312.jpg,bottom-right,False
3-312-4,153.1,data/images/raw/3-312.jpg,bottom-left,False
3-313-1,145.8,data/images/raw/3-313.jpg,top-left,False
3-313-2,147.2,data/images/raw/3-313.jpg,top-right,False
3-313-3,138.6,data/images/raw/3-313.jpg,bottom-right,False
3-313-4,148.4,data/images/raw/3-313.jpg,bottom-left,False
3-314-1,143.5,data/images/raw/3-314.jpg,top-left,False
3-314-2,138.0,data/images/raw/3-314.jpg,top-right,False
3-314-3,148.2,data/images/raw/3-314.jpg,bottom-right,False
3-314-4,143.0,data/images/raw/3-314.jpg,bottom-left,False
3-315-1,138.2,data/images/raw/3-315.jpg,top-left,False
3-315-2,148.2,data/images/raw/3-315.jpg,top-right,False
3-315-3,150.4,data/images/raw/3-315.jpg,bottom-right,False
3-315-4,148.5,data/images/raw/3-315.jpg,bottom-left,False
3-316-1,141.0,data/images/raw/3-316.jpg,top-left,False
3-316-2,138.3,data/images/raw/3-316.jpg,top-right,False
3-316-3,142.3,data/images/raw/3-316.jpg,bottom-right,False
3-316-4,141.2,data/images/raw/3-316.jpg,bottom-left,False
3-317-1,145.3,data/images/raw/3-317.jpg,top-left,False
3-317-2,140.3,data/images/raw/3-317.jpg,top-right,False
3-317-3,140.1,data/images/raw/3-317.jpg,bottom-right,False
3-317-4,,,bottom-left,True
3-318-1,142.3,data/images/raw/3-318.jpg,top-left,False
3-318-2,135.8,data/images/raw/3-318.jpg,top-right,False
3-318-3,141.5,data/images/raw/3-318.jpg,bottom-right,False
3-318-4,137.0,data/images/raw/3-318.jpg,bottom-left,False
3-319-1,138.9,data/images/raw/3-319.jpg,top-left,False
3-319-2,137.0,data/images/raw/3-319.jpg,top-right,False
3-319-3,139.4,data/images/raw/3-319.jpg,bottom-right,False
3-319-4,141.3,data/images/raw/3-319.jpg,bottom-left,False
3-320-1,138.0,data/images/raw/3-320.jpg,top-left,False
3-320-2,143.5,data/images/raw/3-320.jpg,top-right,False
3-320-3,137.9,data/images/raw/3-320.jpg,bottom-right,False
3-320-4,144.8,data/images/raw/3-320.jpg,bottom-left,False
3-321-1,146.2,data/images/raw/3-321.jpg,top-left,False
3-321-2,149.0,data/images/raw/3-321.jpg,top-right,False
3-321-3,135.5,data/images/raw/3-321.jpg,bottom-right,False
3-321-4,148.0,data/images/raw/3-321.jpg,bottom-left,False
3-401-1,133.5,data/images/raw/3-401.jpg,top-left,False
3-401-2,130.9,data/images/raw/3-401.jpg,top-right,False
3-401-3,139.0,data/images/raw/3-401.jpg,bottom-right,False
3-401-4,143.5,data/images/raw/3-401.jpg,bottom-left,False
3-402-1,132.4,data/images/raw/3-402.jpg,top-left,False
3-402-2,145.9,data/images/raw/3-402.jpg,top-right,False
3-402-3,139.7,data/images/raw/3-402.jpg,bottom-right,False
3-402-4,132.9,data/images/raw/3-402.jpg,bottom-left,False
3-403-1,136.1,data/images/raw/3-403.jpg,top-left,False
3-403-2,138.6,data/images/raw/3-403.jpg,top-right,False
3-403-3,136.7,data/images/raw/3-403.jpg,bottom-right,False
3-403-4,139.0,data/images/raw/3-403.jpg,bottom-left,False
3-404-1,133.4,data/images/raw/3-404.jpg,top-left,False
3-404-2,135.1,data/images/raw/3-404.jpg,top-right,False
3-404-3,140.0,data/images/raw/3-404.jpg,bottom-right,False
3-404-4,130.9,data/images/raw/3-404.jpg,bottom-left,False
3-405-1,133.2,data/images/raw/3-405.jpg,top-left,False
3-405-2,137.9,data/images/raw/3-405.jpg,top-right,False
3-405-3,139.0,data/images/raw/3-405.jpg,bottom-right,False
3-405-4,141.6,data/images/raw/3-405.jpg,bottom-left,False
3-406-1,138.9,data/images/raw/3-406.jpg,top-left,False
3-406-2,135.4,data/images/raw/3-406.jpg,top-right,False
3-406-3,118.6,data/images/raw/3-406.jpg,bottom-right,False
3-406-4,140.1,data/images/raw/3-406.jpg,bottom-left,False
3-407-1,132.7,data/images/raw/3-407.jpg,top-left,False
3-407-2,130.3,data/images/raw/3-407.jpg,top-right,False
3-407-3,136.5,data/images/raw/3-407.jpg,bottom-right,False
3-407-4,133.1,data/images/raw/3-407.jpg,bottom-left,False
3-408-1,102.0,data/images/raw/3-408.jpg,top-left,False
3-408-2,133.8,data/images/raw/3-408.jpg,top-right,False
3-408-3,123.0,data/images/raw/3-408.jpg,bottom-right,False
3-408-4,133.6,data/images/raw/3-408.jpg,bottom-left,False
3-409-1,141.2,data/images/raw/3-409.jpg,top-left,False
3-409-2,138.6,data/images/raw/3-409.jpg,top-right,False
3-409-3,132.1,data/images/raw/3-409.jpg,bottom-right,False
3-409-4,138.8,data/images/raw/3-409.jpg,bottom-left,False
3-410-1,135.9,data/images/raw/3-410.jpg,top-left,False
3-410-2,144.5,data/images/raw/3-410.jpg,top-right,False
3-410-3,144.5,data/images/raw/3-410.jpg,bottom-right,False
3-410-4,138.4,data/images/raw/3-410.jpg,bottom-left,False
3-411-1,142.6,data/images/raw/3-411.jpg,top-left,False
3-411-2,140.3,data/images/raw/3-411.jpg,top-right,False
3-411-3,129.9,data/images/raw/3-411.jpg,bottom-right,False
3-411-4,135.1,data/images/raw/3-411.jpg,bottom-left,False
3-412-1,138.9,data/images/raw/3-412.jpg,top-left,False
3-412-2,139.5,data/images/raw/3-412.jpg,top-right,False
3-412-3,128.6,data/images/raw/3-412.jpg,bottom-right,False
3-412-4,126.4,data/images/raw/3-412.jpg,bottom-left,False
3-413-1,134.4,data/images/raw/3-413.jpg,top-left,False
3-413-2,139.5,data/images/raw/3-413.jpg,top-right,False
3-413-3,147.5,data/images/raw/3-413.jpg,bottom-right,False
3-413-4,134.4,data/images/raw/3-413.jpg,bottom-left,False
3-414-1,117.1,data/images/raw/3-414.jpg,top-left,False
3-414-2,140.0,data/images/raw/3-414.jpg,top-right,False
3-414-3,107.5,data/images/raw/3-414.jpg,bottom-right,False
3-414-4,137.4,data/images/raw/3-414.jpg,bottom-left,False
3-415-1,142.9,data/images/raw/3-415.jpg,top-left,False
3-415-2,143.0,data/images/raw/3-415.jpg,top-right,False
3-415-3,140.1,data/images/raw/3-415.jpg,bottom-right,False
3-415-4,138.6,data/images/raw/3-415.jpg,bottom-left,False
3-416-1,139.8,data/images/raw/3-416.jpg,top-left,False
3-416-2,143.8,data/images/raw/3-416.jpg,top-right,False
3-416-3,139.0,data/images/raw/3-416.jpg,bottom-right,False
3-416-4,144.5,data/images/raw/3-416.jpg,bottom-left,False
3-417-1,154.7,data/images/raw/3-417.jpg,top-left,False
3-417-2,140.7,data/images/raw/3-417.jpg,top-right,False
3-417-3,138.0,data/images/raw/3-417.jpg,bottom-right,False
3-417-4,146.4,data/images/raw/3-417.jpg,bottom-left,False
3-418-1,145.1,data/images/raw/3-418.jpg,top-left,False
3-418-2,143.5,data/images/raw/3-418.jpg,top-right,False
3-418-3,147.1,data/images/raw/3-418.jpg,bottom-right,False
3-418-4,139.8,data/images/raw/3-418.jpg,bottom-left,False
3-419-1,141.3,data/images/raw/3-419.jpg,top-left,False
3-419-2,139.0,data/images/raw/3-419.jpg,top-right,False
3-419-3,137.0,data/images/raw/3-419.jpg,bottom-right,False
3-419-4,136.8,data/images/raw/3-419.jpg,bottom-left,False
3-420-1,133.8,data/images/raw/3-420.jpg,top-left,True
3-420-2,147.2,data/images/raw/3-420.jpg,top-right,True
3-420-3,146.4,data/images/raw/3-420.jpg,bottom-right,True
3-420-4,138.8,data/images/raw/3-420.jpg,bottom-left,True
3-421-1,136.4,data/images/raw/3-421.jpg,top-left,True
3-421-2,135.8,data/images/raw/3-421.jpg,top-right,True
3-421-3,134.6,data/images/raw/3-421.jpg,bottom-right,True
3-421-4,130.3,data/images/raw/3-421.jpg,bottom-left,True
3-501-1,138.2,data/images/raw/3-501.jpg,top-left,False
3-501-2,133.4,data/images/raw/3-501.jpg,top-right,False
3-501-3,140.9,data/images/raw/3-501.jpg,bottom-right,False
3-501-4,136.8,data/images/raw/3-501.jpg,bottom-left,False
3-502-1,138.3,data/images/raw/3-502.jpg,top-left,False
3-502-2,135.4,data/images/raw/3-502.jpg,top-right,False
3-502-3,133.8,data/images/raw/3-502.jpg,bottom-right,False
3-502-4,138.6,data/images/raw/3-502.jpg,bottom-left,False
3-503-1,135.4,data/images/raw/3-503.jpg,top-left,False
3-503-2,132.2,data/images/raw/3-503.jpg,top-right,False
3-503-3,139.7,data/images/raw/3-503.jpg,bottom-right,False
3-503-4,136.2,data/images/raw/3-503.jpg,bottom-left,False
3-504-1,141.8,data/images/raw/3-504.jpg,top-left,False
3-504-2,135.5,data/images/raw/3-504.jpg,top-right,False
3-504-3,139.0,data/images/raw/3-504.jpg,bottom-right,False
3-504-4,135.5,data/images/raw/3-504.jpg,bottom-left,False
3-505-1,139.4,data/images/raw/3-505.jpg,top-left,False
3-505-2,138.8,data/images/raw/3-505.jpg,top-right,False
3-505-3,141.6,data/images/raw/3-505.jpg,bottom-right,False
3-505-4,134.8,data/images/raw/3-505.jpg,bottom-left,False
3-506-1,134.5,data/images/raw/3-506.jpg,top-left,False
3-506-2,140.7,data/images/raw/3-506.jpg,top-right,False
3-506-3,141.0,data/images/raw/3-506.jpg,bottom-right,False
3-506-4,132.5,data/images/raw/3-506.jpg,bottom-left,False
3-507-1,145.8,data/images/raw/3-507.jpg,top-left,False
3-507-2,141.9,data/images/raw/3-507.jpg,top-right,False
3-507-3,132.7,data/images/raw/3-507.jpg,bottom-right,False
3-507-4,135.1,data/images/raw/3-507.jpg,bottom-left,False
3-508-1,140.7,data/images/raw/3-508.jpg,top-left,False
3-508-2,141.2,data/images/raw/3-508.jpg,top-right,False
3-508-3,140.3,data/images/raw/3-508.jpg,bottom-right,False
3-508-4,140.1,data/images/raw/3-508.jpg,bottom-left,False
3-509-1,137.3,data/images/raw/3-509.jpg,top-left,False
3-509-2,140.4,data/images/raw/3-509.jpg,top-right,False
3-509-3,133.5,data/images/raw/3-509.jpg,bottom-right,False
3-509-4,130.7,data/images/raw/3-509.jpg,bottom-left,False
3-510-1,137.1,data/images/raw/3-510.jpg,top-left,False
3-510-2,133.8,data/images/raw/3-510.jpg,top-right,False
3-510-3,131.0,data/images/raw/3-510.jpg,bottom-right,False
3-510-4,133.5,data/images/raw/3-510.jpg,bottom-left,False
3-511-1,140.3,data/images/raw/3-511.jpg,top-left,False
3-511-2,134.4,data/images/raw/3-511.jpg,top-right,False
3-511-3,136.8,data/images/raw/3-511.jpg,bottom-right,False
3-511-4,138.6,data/images/raw/3-511.jpg,bottom-left,False
3-512-1,135.1,data/images/raw/3-512.jpg,top-left,False
3-512-2,109.5,data/images/raw/3-512.jpg,top-right,False
3-512-3,145.6,data/images/raw/3-512.jpg,bottom-right,False
3-512-4,129.4,data/images/raw/3-512.jpg,bottom-left,False
3-513-1,136.1,data/images/raw/3-513.jpg,top-left,False
3-513-2,141.6,data/images/raw/3-513.jpg,top-right,False
3-513-3,138.2,data/images/raw/3-513.jpg,bottom-right,False
3-513-4,139.2,data/images/raw/3-513.jpg,bottom-left,False
3-514-1,134.5,data/images/raw/3-514.jpg,top-left,False
3-514-2,138.4,data/images/raw/3-514.jpg,top-right,False
3-514-3,131.0,data/images/raw/3-514.jpg,bottom-right,False
3-514-4,143.5,data/images/raw/3-514.jpg,bottom-left,False
3-515-1,130.7,data/images/raw/3-515.jpg,top-left,False
3-515-2,135.1,data/images/raw/3-515.jpg,top-right,False
3-515-3,135.4,data/images/raw/3-515.jpg,bottom-right,False
3-515-4,129.6,data/images/raw/3-515.jpg,bottom-left,False
3-516-1,144.0,data/images/raw/3-516.jpg,top-left,False
3-516-2,128.3,data/images/raw/3-516.jpg,top-right,False
3-516-3,140.4,data/images/raw/3-516.jpg,bottom-right,False
3-516-4,135.7,data/images/raw/3-516.jpg,bottom-left,False
3-517-1,149.4,data/images/raw/3-517.jpg,top-left,False
3-517-2,125.8,data/images/raw/3-517.jpg,top-right,False
3-517-3,139.7,data/images/raw/3-517.jpg,bottom-right,False
3-517-4,,data/images/raw/3-517.jpg,bottom-left,True
3-518-1,147.4,,top-left,True
3-518-2,142.4,data/images/raw/3-518.jpg,top-right,False
3-518-3,145.1,data/images/raw/3-518.jpg,bottom-right,False
3-518-4,145.6,data/images/raw/3-518.jpg,bottom-left,False
3-519-1,133.2,data/images/raw/3-519.jpg,top-left,False
3-519-2,140.0,data/images/raw/3-519.jpg,top-right,False
3-519-3,136.4,data/images/raw/3-519.jpg,bottom-right,False
3-519-4,144.9,data/images/raw/3-519.jpg,bottom-left,False
3-520-1,144.2,data/images/raw/3-520.jpg,top-left,True
3-520-2,148.0,data/images/raw/3-520.jpg,top-right,True
3-520-3,138.0,data/images/raw/3-520.jpg,bottom-right,True
3-520-4,133.2,data/images/raw/3-520.jpg,bottom-left,True
3-601-1,150.6,data/images/raw/3-601.jpg,top-left,False
3-601-2,137.3,data/images/raw/3-601.jpg,top-right,False
3-601-3,140.9,data/images/raw/3-601.jpg,bottom-right,False
3-601-4,141.8,data/images/raw/3-601.jpg,bottom-left,False
3-602-1,145.3,data/images/raw/3-602.jpg,top-left,False
3-602-2,165.7,data/images/raw/3-602.jpg,top-right,False
3-602-3,136.1,data/images/raw/3-602.jpg,bottom-right,False
3-602-4,137.6,data/images/raw/3-602.jpg,bottom-left,False
3-603-1,148.2,data/images/raw/3-603.jpg,top-left,False
3-603-2,142.6,data/images/raw/3-603.jpg,top-right,False
3-603-3,133.6,data/images/raw/3-603.jpg,bottom-right,False
3-603-4,140.3,data/images/raw/3-603.jpg,bottom-left,False
3-604-1,145.1,data/images/raw/3-604.jpg,top-left,False
3-604-2,149.9,data/images/raw/3-604.jpg,top-right,False
3-604-3,144.3,data/images/raw/3-604.jpg,bottom-right,False
3-604-4,133.2,data/images/raw/3-604.jpg,bottom-left,False
3-605-1,139.4,data/images/raw/3-605.jpg,top-left,False
3-605-2,142.6,data/images/raw/3-605.jpg,top-right,False
3-605-3,137.0,data/images/raw/3-605.jpg,bottom-right,False
3-605-4,141.5,data/images/raw/3-605.jpg,bottom-left,False
3-606-1,135.7,data/images/raw/3-606.jpg,top-left,False
3-606-2,139.4,data/images/raw/3-606.jpg,top-right,False
3-606-3,140.4,data/images/raw/3-606.jpg,bottom-right,False
3-606-4,143.7,data/images/raw/3-606.jpg,bottom-left,False
3-607-1,138.4,data/images/raw/3-607.jpg,top-left,False
3-607-2,144.3,data/images/raw/3-607.jpg,top-right,False
3-607-3,135.7,data/images/raw/3-607.jpg,bottom-right,False
3-607-4,141.8,data/images/raw/3-607.jpg,bottom-left,False
3-608-1,144.2,data/images/raw/3-608.jpg,top-left,False
3-608-2,140.6,data/images/raw/3-608.jpg,top-right,False
3-608-3,140.1,data/images/raw/3-608.jpg,bottom-right,False
3-608-4,141.9,data/images/raw/3-608.jpg,bottom-left,False
3-609-1,141.3,data/images/raw/3-609.jpg,top-left,False
3-609-2,145.8,data/images/raw/3-609.jpg,top-right,False
3-609-3,139.8,data/images/raw/3-609.jpg,bottom-right,False
3-609-4,134.8,data/images/raw/3-609.jpg,bottom-left,False
3-610-1,148.0,data/images/raw/3-610.jpg,top-left,False
3-610-2,141.6,data/images/raw/3-610.jpg,top-right,False
3-610-3,138.3,data/images/raw/3-610.jpg,bottom-right,False
3-610-4,147.2,data/images/raw/3-610.jpg,bottom-left,False
3-611-1,141.2,data/images/raw/3-611.jpg,top-left,False
3-611-2,144.2,data/images/raw/3-611.jpg,top-right,False
3-611-3,135.7,data/images/raw/3-611.jpg,bottom-right,False
3-611-4,135.2,data/images/raw/3-611.jpg,bottom-left,False
3-612-1,147.9,data/images/raw/3-612.jpg,top-left,False
3-612-2,139.0,data/images/raw/3-612.jpg,top-right,False
3-612-3,140.7,data/images/raw/3-612.jpg,bottom-right,False
3-612-4,132.9,data/images/raw/3-612.jpg,bottom-left,False
3-613-1,142.7,data/images/raw/3-613.jpg,top-left,False
3-613-2,141.5,data/images/raw/3-613.jpg,top-right,False
3-613-3,135.2,data/images/raw/3-613.jpg,bottom-right,False
3-613-4,136.8,data/images/raw/3-613.jpg,bottom-left,False
3-614-1,133.1,data/images/raw/3-614.jpg,top-left,True
3-614-2,129.0,data/images/raw/3-614.jpg,top-right,True
3-614-3,147.1,data/images/raw/3-614.jpg,bottom-right,True
3-614-4,141.0,data/images/raw/3-614.jpg,bottom-left,True
3-615-1,143.2,data/images/raw/3-615.jpg,top-left,True
3-615-2,145.8,data/images/raw/3-615.jpg,top-right,True
3-615-3,144.5,data/images/raw/3-615.jpg,bottom-right,True
3-615-4,137.9,data/images/raw/3-615.jpg,bottom-left,True
3-701-1,137.7,data/images/raw/3-701.jpg,top-left,False
3-701-2,141.3,data/images/raw/3-701.jpg,top-right,False
3-701-3,139.4,data/images/raw/3-701.jpg,bottom-right,False
3-701-4,144.3,data/images/raw/3-701.jpg,bottom-left,False
3-702-1,134.8,data/images/raw/3-702.jpg,top-left,False
3-702-2,141.2,data/images/raw/3-702.jpg,top-right,False
3-702-3,135.4,data/images/raw/3-702.jpg,bottom-right,False
3-702-4,136.1,data/images/raw/3-702.jpg,bottom-left,False
3-703-1,138.8,data/images/raw/3-703.jpg,top-left,False
3-703-2,145.6,data/images/raw/3-703.jpg,top-right,False
3-703-3,139.7,data/images/raw/3-703.jpg,bottom-right,False
3-703-4,146.2,data/images/raw/3-703.jpg,bottom-left,False
3-704-1,143.6,data/images/raw/3-704.jpg,top-left,False
3-704-2,139.2,data/images/raw/3-704.jpg,top-right,False
3-704-3,137.1,data/images/raw/3-704.jpg,bottom-right,False
3-704-4,132.8,data/images/raw/3-704.jpg,bottom-left,False
3-705-1,136.2,data/images/raw/3-705.jpg,top-left,False
3-705-2,141.2,data/images/raw/3-705.jpg,top-right,False
3-705-3,145.1,data/images/raw/3-705.jpg,bottom-right,False
3-705-4,143.0,data/images/raw/3-705.jpg,bottom-left,False
3-706-1,146.1,data/images/raw/3-706.jpg,top-left,False
3-706-2,139.8,data/images/raw/3-706.jpg,top-right,False
3-706-3,146.2,data/images/raw/3-706.jpg,bottom-right,False
3-706-4,141.0,data/images/raw/3-706.jpg,bottom-left,False
3-707-1,136.1,data/images/raw/3-707.jpg,top-left,False
3-707-2,139.2,data/images/raw/3-707.jpg,top-right,False
3-707-3,135.5,data/images/raw/3-707.jpg,bottom-right,False
3-707-4,139.4,data/images/raw/3-707.jpg,bottom-left,False
3-708-1,136.2,data/images/raw/3-708.jpg,top-left,False
3-708-2,133.2,data/images/raw/3-708.jpg,top-right,False
3-708-3,145.6,data/images/raw/3-708.jpg,bottom-right,False
3-708-4,147.9,data/images/raw/3-708.jpg,bottom-left,False
3-709-1,140.1,data/images/raw/3-709.jpg,top-left,False
3-709-2,138.9,data/images/raw/3-709.jpg,top-right,False
3-709-3,146.6,data/images/raw/3-709.jpg,bottom-right,False
3-709-4,139.8,data/images/raw/3-709.jpg,bottom-left,False
3-710-1,144.9,data/images/raw/3-710.jpg,top-left,False
3-710-2,135.4,data/images/raw/3-710.jpg,top-right,False
3-710-3,138.2,data/images/raw/3-710.jpg,bottom-right,False
3-710-4,138.4,data/images/raw/3-710.jpg,bottom-left,False
3-711-1,132.2,data/images/raw/3-711.jpg,top-left,False
3-711-2,140.1,data/images/raw/3-711.jpg,top-right,False
3-711-3,141.3,data/images/raw/3-711.jpg,bottom-right,False
3-711-4,139.8,data/images/raw/3-711.jpg,bottom-left,False
3-712-1,140.3,data/images/raw/3-712.jpg,top-left,False
3-712-2,125.4,data/images/raw/3-712.jpg,top-right,False
3-712-3,138.2,data/images/raw/3-712.jpg,bottom-right,False
3-712-4,,data/images/raw/3-712.jpg,bottom-left,True
3-713-1,142.1,data/images/raw/3-713.jpg,top-left,False
3-713-2,131.7,data/images/raw/3-713.jpg,top-right,False
3-713-3,137.3,data/images/raw/3-713.jpg,bottom-right,False
3-713-4,146.6,data/images/raw/3-713.jpg,bottom-left,False
3-714-1,145.1,data/images/raw/3-714.jpg,top-left,True
3-714-2,139.7,data/images/raw/3-714.jpg,top-right,True
3-714-3,144.2,data/images/raw/3-714.jpg,bottom-right,True
3-714-4,138.6,data/images/raw/3-714.jpg,bottom-left,True
3-715-1,139.4,data/images/raw/3-715.jpg,top-left,True
3-715-2,139.8,data/images/raw/3-715.jpg,top-right,True
3-715-3,135.8,data/images/raw/3-715.jpg,bottom-right,True
3-715-4,141.9,data/images/raw/3-715.jpg,bottom-left,True
3-801-1,136.1,data/images/raw/3-801.jpg,top-left,False
3-801-2,139.7,data/images/raw/3-801.jpg,top-right,False
3-801-3,140.4,data/images/raw/3-801.jpg,bottom-right,False
3-801-4,146.2,data/images/raw/3-801.jpg,bottom-left,False
3-802-1,144.9,data/images/raw/3-802.jpg,top-left,False
3-802-2,142.6,data/images/raw/3-802.jpg,top-right,False
3-802-3,144.9,data/images/raw/3-802.jpg,bottom-right,False
3-802-4,139.4,data/images/raw/3-802.jpg,bottom-left,False
3-803-1,142.9,data/images/raw/3-803.jpg,top-left,False
3-803-2,135.4,data/images/raw/3-803.jpg,top-right,False
3-803-3,138.4,data/images/raw/3-803.jpg,bottom-right,False
3-803-4,128.7,data/images/raw/3-803.jpg,bottom-left,False
3-804-1,135.1,data/images/raw/3-804.jpg,top-left,False
3-804-2,146.9,data/images/raw/3-804.jpg,top-right,False
3-804-3,141.9,data/images/raw/3-804.jpg,bottom-right,False
3-804-4,133.8,data/images/raw/3-804.jpg,bottom-left,False
3-805-1,141.2,data/images/raw/3-805.jpg,top-left,False
3-805-2,132.1,data/images/raw/3-805.jpg,top-right,False
3-805-3,143.4,data/images/raw/3-805.jpg,bottom-right,False
3-805-4,146.2,data/images/raw/3-805.jpg,bottom-left,False
3-806-1,140.1,data/images/raw/3-806.jpg,top-left,False
3-806-2,142.6,data/images/raw/3-806.jpg,top-right,False
3-806-3,138.4,data/images/raw/3-806.jpg,bottom-right,False
3-806-4,141.8,data/images/raw/3-806.jpg,bottom-left,False
3-807-1,144.5,data/images/raw/3-807.jpg,top-left,False
3-807-2,139.7,data/images/raw/3-807.jpg,top-right,False
3-807-3,136.8,data/images/raw/3-807.jpg,bottom-right,False
3-807-4,143.8,data/images/raw/3-807.jpg,bottom-left,False
3-808-1,142.1,data/images/raw/3-808.jpg,top-left,False
3-808-2,144.2,data/images/raw/3-808.jpg,top-right,False
3-808-3,138.9,data/images/raw/3-808.jpg,bottom-right,False
3-808-4,140.6,data/images/raw/3-808.jpg,bottom-left,False
3-809-1,117.9,data/images/raw/3-809.jpg,top-left,False
3-809-2,140.6,data/images/raw/3-809.jpg,top-right,False
3-809-3,137.7,data/images/raw/3-809.jpg,bottom-right,False
3-809-4,138.9,data/images/raw/3-809.jpg,bottom-left,False
3-810-1,151.2,data/images/raw/3-810.jpg,top-left,False
3-810-2,144.6,data/images/raw/3-810.jpg,top-right,False
3-810-3,140.1,data/images/raw/3-810.jpg,bottom-right,False
3-810-4,139.8,data/images/raw/3-810.jpg,bottom-left,False
3-811-1,103.0,data/images/raw/3-811.jpg,top-left,False
3-811-2,135.9,data/images/raw/3-811.jpg,top-right,False
3-811-3,146.1,data/images/raw/3-811.jpg,bottom-right,False
3-811-4,125.1,data/images/raw/3-811.jpg,bottom-left,False
3-812-1,140.1,data/images/raw/3-812.jpg,top-left,False
3-812-2,142.7,data/images/raw/3-812.jpg,top-right,False
3-812-3,142.4,data/images/raw/3-812.jpg,bottom-right,False
3-812-4,143.2,data/images/raw/3-812.jpg,bottom-left,False
3-813-1,147.5,data/images/raw/3-813.jpg,top-left,False
3-813-2,135.7,data/images/raw/3-813.jpg,top-right,False
3-813-3,140.4,data/images/raw/3-813.jpg,bottom-right,False
3-813-4,111.4,data/images/raw/3-813.jpg,bottom-left,False
3-814-1,140.1,data/images/raw/3-814.jpg,top-left,True
3-814-2,142.7,data/images/raw/3-814.jpg,top-right,True
3-814-3,137.3,data/images/raw/3-814.jpg,bottom-right,True
3-814-4,143.7,data/images/raw/3-814.jpg,bottom-left,True
3-815-1,146.2,data/images/raw/3-815.jpg,top-left,True
3-815-2,142.4,data/images/raw/3-815.jpg,top-right,True
3-815-3,141.0,data/images/raw/3-815.jpg,bottom-right,True
3-815-4,142.1,data/images/raw/3-815.jpg,bottom-left,True
3-901-1,145.2,data/images/raw/3-901.jpg,top-left,False
3-901-2,142.6,data/images/raw/3-901.jpg,top-right,False
3-901-3,147.1,data/images/raw/3-901.jpg,bottom-right,False
3-901-4,140.6,data/images/raw/3-901.jpg,bottom-left,False
3-902-1,109.8,data/images/raw/3-902.jpg,top-left,False
3-902-2,143.4,data/images/raw/3-902.jpg,top-right,False
3-902-3,143.2,data/images/raw/3-902.jpg,bottom-right,False
3-902-4,138.2,data/images/raw/3-902.jpg,bottom-left,False
3-903-1,140.4,data/images/raw/3-903.jpg,top-left,False
3-903-2,139.2,data/images/raw/3-903.jpg,top-right,False
3-903-3,143.2,data/images/raw/3-903.jpg,bottom-right,False
3-903-4,147.2,data/images/raw/3-903.jpg,bottom-left,False
3-904-1,144.0,data/images/raw/3-904.jpg,top-left,False
3-904-2,143.8,data/images/raw/3-904.jpg,top-right,False
3-904-3,144.2,data/images/raw/3-904.jpg,bottom-right,False
3-904-4,145.9,data/images/raw/3-904.jpg,bottom-left,False
3-905-1,143.2,data/images/raw/3-905.jpg,top-left,False
3-905-2,141.6,data/images/raw/3-905.jpg,top-right,False
3-905-3,141.8,data/images/raw/3-905.jpg,bottom-right,False
3-905-4,143.2,data/images/raw/3-905.jpg,bottom-left,False
3-906-1,138.2,data/images/raw/3-906.jpg,top-left,False
3-906-2,140.4,data/images/raw/3-906.jpg,top-right,False
3-906-3,136.7,data/images/raw/3-906.jpg,bottom-right,False
3-906-4,137.1,data/images/raw/3-906.jpg,bottom-left,False
3-907-1,132.1,data/images/raw/3-907.jpg,top-left,False
3-907-2,139.4,data/images/raw/3-907.jpg,top-right,False
3-907-3,113.2,data/images/raw/3-907.jpg,bottom-right,False
3-907-4,132.9,data/images/raw/3-907.jpg,bottom-left,False
3-908-1,145.8,data/images/raw/3-908.jpg,top-left,False
3-908-2,141.3,data/images/raw/3-908.jpg,top-right,False
3-908-3,143.2,data/images/raw/3-908.jpg,bottom-right,False
3-908-4,138.6,data/images/raw/3-908.jpg,bottom-left,False
3-909-1,143.7,data/images/raw/3-909.jpg,top-left,False
3-909-2,135.4,data/images/raw/3-909.jpg,top-right,False
3-909-3,137.3,data/images/raw/3-909.jpg,bottom-right,False
3-909-4,139.8,data/images/raw/3-909.jpg,bottom-left,False
3-910-1,141.5,data/images/raw/3-910.jpg,top-left,False
3-910-2,144.9,data/images/raw/3-910.jpg,top-right,False
3-910-3,140.9,data/images/raw/3-910.jpg,bottom-right,False
3-910-4,139.0,data/images/raw/3-910.jpg,bottom-left,False
3-911-1,135.7,data/images/raw/3-911.jpg,top-left,False
3-911-2,137.7,data/images/raw/3-911.jpg,top-right,False
3-911-3,140.6,data/images/raw/3-911.jpg,bottom-right,False
3-911-4,131.4,data/images/raw/3-911.jpg,bottom-left,False
3-912-1,141.8,data/images/raw/3-912.jpg,top-left,False
3-912-2,144.2,data/images/raw/3-912.jpg,top-right,False
3-912-3,143.7,data/images/raw/3-912.jpg,bottom-right,False
3-912-4,117.7,data/images/raw/3-912.jpg,bottom-left,False
3-913-1,145.1,data/images/raw/3-913.jpg,top-left,False
3-913-2,137.7,data/images/raw/3-913.jpg,top-right,False
3-913-3,141.6,data/images/raw/3-913.jpg,bottom-right,False
3-913-4,144.5,data/images/raw/3-913.jpg,bottom-left,False
3-914-1,129.5,data/images/raw/3-914.jpg,top-left,True
3-914-2,142.9,data/images/raw/3-914.jpg,top-right,True
3-914-3,134.4,data/images/raw/3-914.jpg,bottom-right,True
3-914-4,138.6,data/images/raw/3-914.jpg,bottom-left,True
